variant,name,mean_latency_ms,p95_latency_ms,file_size_kb,validation_accuracy_percent,estimated_energy_mj,process_cpu_percent,estimated_power_watts,critical_recall_percent
M1,FP32 Baseline,0.002825530,0.002909300,5.476562,100.0000,0.042382950,100.0000,15.000000,100.0000
M2,PTQ Full INT8,0.012944110,0.013159750,4.781250,100.0000,0.194161650,100.0000,15.000000,100.0000
M3,35% Pruned + Full INT8 PTQ,0.013294370,0.015203150,4.781250,100.0000,0.199415550,100.0000,15.000000,100.0000
