variant,name,mean_latency_ms,p95_latency_ms,file_size_kb,validation_accuracy_percent,estimated_energy_mj,process_cpu_percent,estimated_power_watts,critical_recall_percent
M1,FP32 Baseline,0.003501270,0.004929600,5.476562,100.0000,0.051993859,99.0000,14.850000,100.0000
M2,PTQ Full INT8,0.013597390,0.015308400,4.781250,100.0000,0.203960850,100.0000,15.000000,100.0000
M3,35% Pruned + Full INT8 PTQ,0.013923360,0.014422450,4.218750,100.0000,0.208850400,100.0000,15.000000,100.0000
